{"cameraMode":{"drawMode":0,"name":"Shaded","section":"Shading Mode"},"sceneLighting":false,"audioPlay":false,"sceneViewState":{"m_AlwaysRefresh":false,"showFog":true,"showSkybox":true,"showFlares":true,"showImageEffects":true,"showParticleSystems":true,"showVisualEffectGraphs":true,"m_FxEnabled":true},"in2DMode":false,"pivot":{"x":-3.2500836849212648,"y":0.9161232709884644,"z":15.131328582763672},"rotation":{"x":0.01568054035305977,"y":-0.987284779548645,"z":0.10249562561511994,"w":0.12243309617042542},"size":1.927453637123108,"orthographic":false}